Country,Population,YearlyChange,NetChange,Density,LandArea,Migrants,Fert.Rate,Med.Age,UrbanPop%,WorldShare,Continent,latitude,longitude,latitude_1,longitude_1
China,1440297825,0.39%,5540090,153,9388211,-348399,1.7,38,61%,18.47%,Asia,35.86166,104.195397,35.9,104.2
India,1382345085,0.99%,13586631,464,2973190,-532687,2.2,28,35%,17.70%,Asia,20.593684,78.96288,20.6,79
United States,331341050,0.59%,1937734,36,9147420,954806,1.8,38,83%,4.25%,North America,37.09024,-95.712891,37.1,-95.7
Indonesia,274021604,1.07%,2898047,151,1811570,-98955,2.3,30,56%,3.51%,Asia,-0.789275,113.921327,-0.8,113.9
Pakistan,221612785,2.00%,4327022,287,770880,-233379,3.6,23,35%,2.83%,Asia,30.375321,69.345116,30.4,69.3
Brazil,212821986,0.72%,1509890,25,8358140,21200,1.7,33,88%,2.73%,South America,-14.235004,-51.92528,-14.2,-51.9
Nigeria,206984347,2.58%,5175990,226,910770,-60000,5.4,18,52%,2.64%,Africa,9.081999,8.675277,9.1,8.7
Bangladesh,164972348,1.01%,1643222,1265,130170,-369501,2.1,28,39%,2.11%,Asia,23.684994,90.356331,23.7,90.4
Russia,145945524,0.04%,62206,9,16376870,182456,1.8,40,74%,1.87%,Europe,61.52401,105.318756,61.5,105.3
Mexico,129166028,1.06%,1357224,66,1943950,-60000,2.1,29,84%,1.65%,North America,23.634501,-102.552784,23.6,-102.6
Japan,126407422,-0.30%,-383840,347,364555,71560,1.4,48,92%,1.62%,Asia,36.204824,138.252924,36.2,138.3
Ethiopia,115434444,2.57%,2884858,115,1000000,30000,4.3,19,21%,1.47%,Africa,9.145,40.489673,9.1,40.5
Philippines,109830324,1.35%,1464463,368,298170,-67152,2.6,26,47%,1.41%,Asia,12.879721,121.774017,12.9,121.8
Egypt,102659126,1.94%,1946331,103,995450,-38033,3.3,25,43%,1.31%,Africa,26.820553,30.802498,26.8,30.8
Vietnam,97490013,0.91%,876473,314,310070,-80000,2.1,32,38%,1.25%,Asia,14.058324,108.277199,14.1,108.3
Democratic Republic of the Congo,90003954,3.19%,2770836,40,2267050,23861,6,17,46%,1.15%,Africa,-4.038333,21.758664,-4,21.8
Turkey,84495243,1.09%,909452,110,769630,283922,2.1,32,76%,1.08%,Asia,38.963745,35.243322,39,35.2
Iran,84176929,1.30%,1079043,52,1628550,-55000,2.2,32,76%,1.08%,Asia,32.427908,53.688046,32.4,53.7
Germany,83830972,0.32%,266897,240,348560,543822,1.6,46,76%,1.07%,Europe,51.165691,10.451526,51.2,10.5
Thailand,69830779,0.25%,174396,137,510890,19444,1.5,40,51%,0.90%,Asia,15.870032,100.992541,15.9,101
United Kingdom,67948282,0.53%,355839,281,241930,260650,1.8,40,83%,0.87%,Europe,55.378051,-3.435973,55.4,-3.4
France,65298930,0.22%,143783,119,547557,36527,1.9,42,82%,0.84%,Europe,46.227638,2.213749,46.2,2.2
Italy,60446035,-0.15%,-88249,206,294140,148943,1.3,47,69%,0.78%,Europe,41.87194,12.56738,41.9,12.6
Tanzania,60012400,2.98%,1728755,67,885800,-40076,4.9,18,37%,0.77%,Africa,-6.369028,34.888822,-6.4,34.9
South Africa,59436725,1.28%,750420,49,1213090,145405,2.4,28,67%,0.76%,Africa,-30.559482,22.937506,-30.6,22.9
Myanmar,54473253,0.67%,364380,83,653290,-163313,2.2,29,31%,0.70%,Asia,21.913965,95.956223,21.9,96
Kenya,53968739,2.28%,1197323,94,569140,-10000,3.5,20,28%,0.69%,Africa,-0.023559,37.906193,0,37.9
South Korea,51276977,0.09%,43877,527,97230,11731,1.1,44,82%,0.66%,Asia,35.907757,127.766922,35.9,127.8
Colombia,50976248,1.08%,543448,46,1109500,204796,1.8,31,80%,0.65%,South America,4.570868,-74.297333,4.6,-74.3
Spain,46757980,0.04%,18002,94,498800,40000,1.3,45,80%,0.60%,Europe,40.463667,-3.74922,40.5,-3.7
Uganda,45974931,3.32%,1471413,229,199810,168694,5,17,26%,0.59%,Africa,1.373333,32.290275,1.4,32.3
Argentina,45267449,0.93%,415097,17,2736690,4800,2.3,32,93%,0.58%,South America,-38.416097,-63.616672,-38.4,-63.6
Algeria,43984569,1.85%,797990,18,2381740,-10000,3.1,29,73%,0.56%,Africa,28.033886,1.659626,28,1.7
Sudan,44019263,2.42%,1036022,25,1765048,-50000,4.4,20,35%,0.56%,Africa,12.862807,30.217636,12.9,30.2
Ukraine,43686577,-0.59%,-259876,75,579320,10000,1.4,41,69%,0.56%,Europe,48.379433,31.16558,48.4,31.2
Iraq,40372771,2.32%,912710,93,434320,7834,3.7,21,73%,0.52%,Asia,33.223191,43.679291,33.2,43.7
Afghanistan,39074280,2.33%,886592,60,652860,-62920,4.6,18,25%,0.50%,Asia,33.93911,67.709953,33.9,67.7
Poland,37839255,-0.11%,-41157,124,306230,-29395,1.4,42,60%,0.49%,Europe,51.919438,19.145136,51.9,19.1
Canada,37799407,0.89%,331107,4,9093510,242032,1.5,41,81%,0.48%,North America,56.130366,-106.346771,56.1,-106.3
Morocco,36985624,1.20%,438791,83,446300,-51419,2.4,30,64%,0.47%,Africa,31.791702,-7.09262,31.8,-7.1
Saudi Arabia,34905942,1.59%,545343,16,2149690,134979,2.3,32,84%,0.45%,Asia,23.885942,45.079162,23.9,45.1
Uzbekistan,33551824,1.48%,487487,79,425400,-8863,2.4,28,50%,0.43%,Asia,41.377491,64.585262,41.4,64.6
Peru,33050211,1.42%,461401,26,1280000,99069,2.3,31,79%,0.42%,South America,-9.189967,-75.015152,-9.2,-75
Angola,33032075,3.27%,1040977,26,1246700,6413,5.6,17,67%,0.42%,Africa,-11.202692,17.873887,-11.2,17.9
Malaysia,32436963,1.30%,416222,99,328550,50000,2,30,78%,0.42%,Asia,4.210484,101.975766,4.2,102
Mozambique,31398811,2.93%,889399,40,786380,-5000,4.9,18,38%,0.40%,Africa,-18.665695,35.529562,-18.7,35.5
Ghana,31181428,2.15%,655084,137,227540,-10000,3.9,22,57%,0.40%,Africa,7.946527,-1.023194,7.9,-1
Yemen,29935468,2.28%,664042,56,527970,-30000,3.8,20,38%,0.38%,Asia,15.552727,48.516388,15.6,48.5
Nepal,29225196,1.85%,528098,203,143350,41710,1.9,25,21%,0.37%,Asia,28.394857,84.124008,28.4,84.1
Venezuela,28421581,-0.28%,-79889,32,882050,-653249,2.3,30,N.A.,0.36%,South America,6.42375,-66.58973,6.4,-66.6
Madagascar,27808395,2.68%,721711,48,581795,-1500,4.1,20,39%,0.36%,Africa,-18.766947,46.869107,-18.8,46.9
Cameroon,26655083,2.59%,669483,56,472710,-4800,4.6,19,56%,0.34%,Africa,7.369722,12.354722,7.4,12.4
Ivory Coast,26486282,2.57%,661730,83,318000,-8000,4.7,19,51%,0.34%,Africa,7.539989,-5.54708,7.5,-5.5
North Korea,25798588,0.44%,112655,214,120410,-5403,1.9,35,63%,0.33%,Asia,40.339852,127.510093,40.3,127.5
Australia,25550683,1.18%,296686,3,7682300,158246,1.8,38,86%,0.33%,Oceania,-25.274398,133.775136,-25.3,133.8
Niger,24346468,3.84%,895929,19,1266700,4000,7,15,17%,0.31%,Africa,17.607789,8.081666,17.6,8.1
Taiwan,23824369,0.18%,42899,673,35410,30001,1.2,42,79%,0.31%,Asia,23.69781,120.960515,23.7,121
Sri Lanka,21428970,0.42%,89516,341,62710,-97986,2.2,34,18%,0.27%,Asia,7.873054,80.771797,7.9,80.8
Burkina Faso,20997293,2.86%,581895,76,273600,-25000,5.2,18,31%,0.27%,Africa,12.238333,-1.561593,12.2,-1.6
Mali,20346106,3.02%,592802,17,1220190,-40000,5.9,16,44%,0.26%,Africa,17.570692,-3.996166,17.6,-4
Romania,19214608,-0.66%,-126866,84,230170,-73999,1.6,43,55%,0.25%,Europe,45.943161,24.96676,45.9,25
Malawi,19211425,2.69%,501205,203,94280,-16053,4.3,18,18%,0.25%,Africa,-13.254308,34.301525,-13.3,34.3
Chile,19144605,0.87%,164163,26,743532,111708,1.7,35,85%,0.25%,South America,-35.675147,-71.542969,-35.7,-71.5
Kazakhstan,18815231,1.21%,225280,7,2699700,-18000,2.8,31,58%,0.24%,Asia,48.019573,66.923684,48,66.9
Zambia,18468257,2.93%,522925,25,743390,-8000,4.7,18,45%,0.24%,Africa,-13.133897,27.849332,-13.1,27.8
Guatemala,17971382,1.90%,334096,167,107160,-9215,2.9,23,52%,0.23%,North America,15.783471,-90.230759,15.8,-90.2
Ecuador,17688599,1.55%,269392,71,248360,36400,2.4,28,63%,0.23%,South America,-1.831239,-78.183406,-1.8,-78.2
Syria,17571053,2.52%,430523,95,183630,-427391,2.8,26,60%,0.22%,Asia,34.802075,38.996815,34.8,39
Netherlands,17141544,0.22%,37742,508,33720,16000,1.7,43,92%,0.22%,Europe,52.132633,5.291266,52.1,5.3
Senegal,16816539,2.75%,447563,87,192530,-20000,4.7,19,49%,0.21%,Africa,14.497401,-14.452362,14.5,-14.5
Cambodia,16758448,1.41%,232423,95,176520,-30000,2.5,26,24%,0.21%,Asia,12.565679,104.990963,12.6,105
Chad,16502877,3.00%,478988,13,1259200,2000,5.8,17,23%,0.21%,Africa,15.454166,18.732207,15.5,18.7
Somalia,15965848,2.92%,450317,25,627340,-40000,6.1,17,47%,0.20%,Africa,5.152149,46.199616,5.2,46.2
Zimbabwe,14899771,1.48%,217456,38,386850,-116858,3.6,19,38%,0.19%,Africa,-19.015438,29.154857,-19,29.2
Guinea,13191279,2.83%,361549,53,245720,-4000,4.7,18,39%,0.17%,Africa,9.945587,-9.696645,9.9,-9.7
Rwanda,13005303,2.58%,325268,525,24670,-9000,4.1,20,18%,0.17%,Africa,-1.940278,29.873888,-1.9,29.9
Benin,12175480,2.73%,322049,108,112760,-2000,4.9,19,48%,0.16%,Africa,9.30769,2.315834,9.3,2.3
Burundi,11948454,3.12%,360204,463,25680,2001,5.5,17,14%,0.15%,Africa,-3.373056,29.918886,-3.4,29.9
Tunisia,11839918,1.06%,123900,76,155360,-4000,2.2,33,70%,0.15%,Africa,33.886917,9.537499,33.9,9.5
Bolivia,11700207,1.39%,159921,11,1083300,-9504,2.8,26,69%,0.15%,South America,-16.290154,-63.588653,-16.3,-63.6
Belgium,11598451,0.44%,50295,383,30280,48000,1.7,42,98%,0.15%,Europe,50.503887,4.469936,50.5,4.5
Haiti,11426356,1.24%,139451,414,27560,-35000,3,24,57%,0.15%,North America,18.971187,-72.285215,19,-72.3
Cuba,11325391,-0.06%,-6867,106,106440,-14400,1.6,42,78%,0.15%,North America,21.521757,-77.781167,21.5,-77.8
Dominican Republic,10866667,1.01%,108952,225,48320,-30000,2.4,28,85%,0.14%,North America,18.735693,-70.162651,18.7,-70.2
Czech Republic (Czechia),10712481,0.18%,19772,139,77240,22011,1.6,43,74%,0.14%,Europe,49.817492,15.472962,49.8,15.5
Greece,10413936,-0.48%,-50401,81,128900,-16000,1.3,46,85%,0.13%,Europe,39.074208,21.824312,39.1,21.8
Jordan,10220604,1.00%,101440,115,88780,10220,2.8,24,91%,0.13%,Asia,30.585164,36.238414,30.6,36.2
Portugal,10191409,-0.29%,-29478,111,91590,-6000,1.3,46,66%,0.13%,Europe,39.399872,-8.224454,39.4,-8.2
Azerbaijan,10154978,0.91%,91459,123,82658,1200,2.1,32,56%,0.13%,Asia,40.143105,47.576927,40.1,47.6
Sweden,10110233,0.63%,62886,25,410340,40000,1.9,41,88%,0.13%,Europe,60.128161,18.643501,60.1,18.6
Honduras,9931333,1.63%,158490,89,111890,-6800,2.5,24,57%,0.13%,North America,15.199999,-86.241905,15.2,-86.2
United Arab Emirates,9910892,1.23%,119873,118,83600,40000,1.4,33,86%,0.13%,Asia,23.424076,53.847818,23.4,53.8
Hungary,9655983,-0.25%,-24328,107,90530,6000,1.5,43,72%,0.12%,Europe,47.162494,19.503304,47.2,19.5
Tajikistan,9573310,2.32%,216627,68,139960,-20000,3.6,22,27%,0.12%,Asia,38.861034,71.276093,38.9,71.3
Belarus,9448772,-0.03%,-3088,47,202910,8730,1.7,40,79%,0.12%,Europe,53.709807,27.953389,53.7,28
Austria,9015361,0.57%,51296,109,82409,65000,1.5,43,57%,0.12%,Europe,47.516231,14.550072,47.5,14.6
Papua New Guinea,8975531,1.95%,170915,20,452860,-800,3.6,22,13%,0.11%,Oceania,-6.314993,143.95555,-6.3,144
Serbia,8731081,-0.40%,-34864,100,87460,4000,1.5,42,56%,0.11%,Europe,44.016521,21.005859,44,21
Israel,8678517,1.60%,136158,400,21640,10000,3,30,93%,0.11%,Asia,31.046051,34.851612,31,34.9
Switzerland,8665615,0.74%,63257,219,39516,52000,1.5,43,74%,0.11%,Europe,46.818188,8.227512,46.8,8.2
Togo,8310934,2.43%,196358,152,54390,-2000,4.4,19,43%,0.11%,Africa,8.619543,0.824782,8.6,0.8
Sierra Leone,8004158,2.10%,163768,111,72180,-4200,4.3,19,43%,0.10%,Africa,8.460555,-11.779889,8.5,-11.8
Hong Kong,7507523,0.82%,60827,7140,1050,29308,1.3,45,N.A.,0.10%,Asia,22.396428,114.109497,22.4,114.1
Laos,7293542,1.48%,106105,32,230800,-14704,2.7,24,36%,0.09%,Asia,19.85627,102.495496,19.9,102.5
Paraguay,7147553,1.25%,87902,18,397300,-16556,2.4,26,62%,0.09%,South America,-23.442503,-58.443832,-23.4,-58.4
Bulgaria,6939018,-0.74%,-51674,64,108560,-4800,1.6,45,76%,0.09%,Europe,42.733883,25.48583,42.7,25.5
Libya,6887247,1.38%,93840,4,1759540,-1999,2.3,29,78%,0.09%,Africa,26.3351,17.228331,26.3,17.2
Lebanon,6819976,-0.44%,-30268,667,10230,-30012,2.1,30,78%,0.09%,Asia,33.854721,35.862285,33.9,35.9
Nicaragua,6638075,1.21%,79052,55,120340,-21272,2.4,26,57%,0.08%,North America,12.865416,-85.207229,12.9,-85.2
Kyrgyzstan,6542426,1.69%,108345,34,191800,-4000,3,26,36%,0.08%,Asia,41.20438,74.766098,41.2,74.8
El Salvador,6491923,0.51%,32652,313,20720,-40539,2.1,28,73%,0.08%,North America,13.794185,-88.89653,13.8,-88.9
Turkmenistan,6046292,1.50%,89111,13,469930,-5000,2.8,27,53%,0.08%,Asia,38.969719,59.556278,39,59.6
Singapore,5858322,0.79%,46005,8358,700,27028,1.2,42,N.A.,0.08%,Asia,1.352083,103.819836,1.4,103.8
Denmark,5795780,0.35%,20326,137,42430,15200,1.8,42,88%,0.07%,Europe,56.26392,9.501785,56.3,9.5
Finland,5542237,0.15%,8564,18,303890,14000,1.5,43,86%,0.07%,Europe,61.92411,25.748151,61.9,25.7
Republic of the Congo,5540555,2.56%,137579,16,341500,-4000,4.5,19,70%,0.07%,Africa,-0.228021,15.827659,-0.2,15.8
Slovakia,5460109,0.05%,2629,114,48088,1485,1.5,41,54%,0.07%,Europe,48.669026,19.699024,48.7,19.7
Norway,5428594,0.79%,42384,15,365268,28000,1.7,40,83%,0.07%,Europe,60.472024,8.468946,60.5,8.5
Oman,5128058,2.65%,131640,16,309500,87400,2.9,31,87%,0.07%,Asia,21.512583,55.923255,21.5,55.9
State of Palestine,5121112,2.41%,119994,847,6020,-10563,3.7,21,80%,0.07%,Asia,31.952162,35.233154,32,35.2
Costa Rica,5102158,0.92%,46557,100,51060,4200,1.8,33,80%,0.07%,North America,9.748917,-83.753428,9.7,-83.8
Liberia,5077411,2.44%,120307,53,96320,-5000,4.4,19,53%,0.06%,Africa,6.428055,-9.429499,6.4,-9.4
Ireland,4947267,1.13%,55291,72,68890,23604,1.8,38,63%,0.06%,Europe,53.41291,-8.24389,53.4,-8.2
Central African Republic,4843954,1.78%,84582,8,622980,-40000,4.8,18,43%,0.06%,Africa,6.611111,20.939444,6.6,20.9
New Zealand,4829021,0.82%,39170,18,263310,14881,1.9,38,87%,0.06%,Oceania,-40.900557,174.885971,-40.9,174.9
Mauritania,4669775,2.74%,123962,5,1030700,5000,4.6,20,57%,0.06%,Africa,21.00789,-10.940835,21,-10.9
Panama,4326296,1.61%,68328,58,74340,11200,2.5,30,68%,0.06%,North America,8.537981,-80.782127,8.5,-80.8
Kuwait,4281320,1.51%,63488,240,17820,39520,2.1,37,N.A.,0.05%,Asia,29.31166,47.481766,29.3,47.5
Croatia,4100719,-0.61%,-25037,73,55960,-8001,1.4,44,58%,0.05%,Europe,45.1,15.2,45.1,15.2
Moldova,4032294,-0.23%,-9300,123,32850,-1387,1.3,38,43%,0.05%,Europe,47.411631,28.369885,47.4,28.4
Georgia,3987805,-0.19%,-7598,57,69490,-10000,2.1,38,58%,0.05%,Asia,42.315407,43.356892,42.3,43.4
Eritrea,3554797,1.41%,49304,35,101000,-39858,4.1,19,63%,0.05%,Africa,15.179384,39.782334,15.2,39.8
Uruguay,3475842,0.35%,11996,20,175020,-3000,2,36,96%,0.04%,South America,-32.522779,-55.765835,-32.5,-55.8
Bosnia and Herzegovina,3277152,-0.61%,-20181,64,51000,-21585,1.3,43,52%,0.04%,Europe,43.915886,17.679076,43.9,17.7
Mongolia,3287242,1.65%,53123,2,1553560,-852,2.9,28,67%,0.04%,Asia,46.862496,103.846656,46.9,103.8
Armenia,2964219,0.19%,5512,104,28470,-4998,1.8,35,63%,0.04%,Asia,40.069099,45.038189,40.1,45
Jamaica,2963429,0.44%,12888,273,10830,-11332,2,31,55%,0.04%,North America,18.109581,-77.297508,18.1,-77.3
Qatar,2889284,1.73%,48986,248,11610,40000,1.9,32,96%,0.04%,Asia,25.354826,51.183884,25.4,51.2
Albania,2877239,-0.11%,-3120,105,27400,-14000,1.6,36,63%,0.04%,Europe,41.153332,20.168331,41.2,20.2
Puerto Rico,2846860,-2.47%,-72555,323,8870,-97986,1.2,44,N.A.,0.04%,North America,18.220833,-66.590149,18.2,-66.6
Lithuania,2715340,-1.35%,-37338,43,62674,-32780,1.7,45,71%,0.03%,Europe,55.169438,23.881275,55.2,23.9
Namibia,2548663,1.86%,46375,3,823290,-4806,3.4,22,55%,0.03%,Africa,-22.95764,18.49041,-23,18.5
Gambia,2427782,2.94%,68962,239,10120,-3087,5.3,18,59%,0.03%,Africa,13.443182,-15.310139,13.4,-15.3
Botswana,2359585,2.08%,47930,4,566730,3000,2.9,24,73%,0.03%,Africa,-22.328474,24.684866,-22.3,24.7
Gabon,2234448,2.45%,53155,9,257670,3260,4,23,87%,0.03%,Africa,-0.803689,11.609444,-0.8,11.6
Lesotho,2145194,0.80%,16981,71,30360,-10047,3.2,24,31%,0.03%,Africa,-29.609988,28.233608,-29.6,28.2
North Macedonia,2083359,0.00%,-85,83,25220,-1000,1.5,39,59%,0.03%,Europe,41.608635,21.745275,41.6,21.7
Slovenia,2078989,0.01%,284,103,20140,2000,1.6,45,55%,0.03%,Europe,46.151241,14.995463,46.2,15
Guinea-Bissau,1975718,2.45%,47079,70,28120,-1399,4.5,19,45%,0.03%,Africa,11.803749,-15.180413,11.8,-15.2
Latvia,1882408,-1.08%,-20545,30,62200,-14837,1.7,44,69%,0.02%,Europe,56.879635,24.603189,56.9,24.6
Bahrain,1711057,3.68%,60403,2239,760,47800,2,32,89%,0.02%,Asia,25.930414,50.637772,25.9,50.6
Equatorial Guinea,1410419,3.47%,46999,50,28050,16000,4.6,22,73%,0.02%,Africa,1.650801,10.267895,1.7,10.3
Trinidad and Tobago,1400283,0.32%,4515,273,5130,-800,1.7,36,52%,0.02%,North America,10.691803,-61.222503,10.7,-61.2
Estonia,1326693,0.07%,887,31,42390,3911,1.6,42,68%,0.02%,Europe,58.595272,25.013607,58.6,25
Timor-Leste,1322667,1.96%,25326,89,14870,-5385,4.1,21,33%,0.02%,Asia,-8.874217,125.727539,-8.9,125.7
Mauritius,1272140,0.17%,2100,626,2030,0,1.4,37,41%,0.02%,Africa,-20.348404,57.552152,-20.3,57.6
Cyprus,1208886,0.73%,8784,131,9240,5000,1.3,37,67%,0.02%,Asia,35.126413,33.429859,35.1,33.4
Eswatini,1162233,1.05%,12034,67,17200,-8353,3,21,30%,0.01%,Africa,-26.522503,31.465866,-26.5,31.5
Djibouti,990447,1.48%,14440,43,23180,900,2.8,27,79%,0.01%,Africa,11.825138,42.590275,11.8,42.6
Fiji,897573,0.73%,6492,49,18270,-6202,2.8,28,59%,0.01%,Oceania,-16.578193,179.414413,-16.6,179.4
RÃ©union,896422,0.72%,6385,358,2500,-1256,2.3,36,100%,0.01%,Africa,-21.115141,55.536384,-21.1,55.5
Comoros,872695,2.20%,18715,467,1861,-2000,4.2,20,29%,0.01%,Africa,-11.875001,43.872219,-11.9,43.9
Guyana,787215,0.48%,3786,4,196850,-6000,2.5,27,27%,0.01%,South America,4.860416,-58.93018,4.9,-58.9
Bhutan,773069,1.12%,8516,20,38117,320,2,28,46%,0.01%,Asia,27.514162,90.433601,27.5,90.4
Solomon Islands,689671,2.55%,17061,25,27990,-1600,4.4,20,23%,0.01%,Oceania,-9.64571,160.156194,-9.6,160.2
Montenegro,628080,0.01%,79,47,13450,-480,1.8,39,68%,0.01%,Europe,42.708678,19.37439,42.7,19.4
Luxembourg,627704,1.66%,10249,242,2590,9741,1.5,40,88%,0.01%,Europe,49.815273,6.129583,49.8,6.1
Western Sahara,599769,2.55%,14876,2,266000,5582,2.4,28,87%,0.01%,Africa,24.215527,-12.885834,24.2,-12.9
Suriname,587541,0.90%,5260,4,156000,-1000,2.4,29,65%,0.01%,South America,3.919305,-56.027783,3.9,-56
Cabo Verde,557026,1.10%,6052,138,4030,-1342,2.3,28,68%,0.01%,Africa,16.002082,-24.013197,16,-24
Maldives,542151,1.81%,9591,1802,300,11370,1.9,30,35%,0.01%,Asia,3.202778,73.22068,3.2,73.2
Malta,441750,0.27%,1171,1380,320,900,1.5,43,93%,0.01%,Europe,35.937496,14.375416,35.9,14.4
Brunei,438202,0.97%,4194,83,5270,0,1.8,32,80%,0.01%,Asia,4.535277,114.727669,4.5,114.7
Guadeloupe,400136,0.02%,68,237,1690,-1440,2.2,44,N.A.,0.01%,North America,16.995971,-62.067641,17,-62.1
Belize,398845,1.86%,7275,17,22810,1200,2.3,25,46%,0.01%,North America,17.189877,-88.49765,17.2,-88.5
Bahamas,393893,0.97%,3762,39,10010,1000,1.8,32,86%,0.01%,North America,25.03428,-77.39628,25,-77.4
Martinique,375213,-0.08%,-289,354,1060,-960,1.9,47,92%,0.00%,North America,14.641528,-61.024174,14.6,-61
Iceland,341628,0.65%,2212,3,100250,380,1.8,37,94%,0.00%,Europe,64.963051,-19.020835,65,-19
Vanuatu,308337,2.42%,7263,25,12190,120,3.8,21,24%,0.00%,Oceania,-15.376706,166.959158,-15.4,167
French Guiana,299958,2.70%,7850,4,82200,1200,3.4,25,87%,0.00%,South America,3.933889,-53.125782,3.9,-53.1
Barbados,287437,0.12%,350,668,430,-79,1.6,40,31%,0.00%,North America,13.193887,-59.543198,13.2,-59.5
New Caledonia,285972,0.97%,2748,16,18280,502,2,34,72%,0.00%,Oceania,-20.904305,165.618042,-20.9,165.6
French Polynesia,281191,0.58%,1621,77,3660,-1000,2,34,64%,0.00%,Oceania,-17.679742,-149.406843,-17.7,-149.4
Mayotte,273905,2.50%,6665,728,375,0,3.7,20,46%,0.00%,Africa,-12.8275,45.166244,-12.8,45.2
Samoa,198643,0.67%,1317,70,2830,-2803,3.9,22,18%,0.00%,Oceania,-13.759029,-172.104629,-13.8,-172.1
Saint Lucia,183774,0.46%,837,301,610,0,1.4,34,19%,0.00%,North America,13.909444,-60.978893,13.9,-61
Guam,169031,0.89%,1481,313,540,-506,2.3,31,95%,0.00%,Oceania,13.444304,144.793731,13.4,144.8
Kiribati,119760,1.57%,1843,147,810,-800,3.6,23,57%,0.00%,Oceania,-3.370417,-168.734039,-3.4,-168.7
Micronesia,115231,1.06%,1208,164,700,-600,3.1,24,21%,0.00%,Oceania,7.425554,150.550812,7.4,150.6
Grenada,112614,0.46%,520,331,340,-200,2.1,32,35%,0.00%,North America,12.262776,-61.604171,12.3,-61.6
St. Vincent & Grenadines,111002,0.32%,351,284,390,-200,1.9,33,53%,0.00%,North America,12.984305,-61.287228,13,-61.3
Aruba,106845,0.43%,452,593,180,201,1.9,41,44%,0.00%,North America,12.52111,-69.968338,12.5,-70
Tonga,105901,1.15%,1201,147,720,-800,3.6,22,24%,0.00%,Oceania,-21.178986,-175.198242,-21.2,-175.2
U.S. Virgin Islands,104398,-0.15%,-153,298,350,-451,2,43,96%,0.00%,North America,18.335765,-64.896335,18.3,-64.9
Seychelles,98453,0.62%,608,214,460,-200,2.5,34,56%,0.00%,Africa,-4.679574,55.491977,-4.7,55.5
Antigua and Barbuda,98069,0.84%,811,223,440,0,2,34,26%,0.00%,North America,17.060816,-61.796428,17.1,-61.8
Isle of Man,85112,0.53%,449,149,570,,N.A.,N.A.,53%,0.00%,Europe,54.236107,-4.548056,54.2,-4.5
Andorra,77287,0.16%,123,164,470,,N.A.,N.A.,88%,0.00%,Europe,42.546245,1.601554,42.5,1.6
Dominica,72017,0.25%,178,96,750,,N.A.,N.A.,74%,0.00%,North America,15.414999,-61.370976,15.4,-61.4
Cayman Islands,65854,1.19%,774,274,240,,N.A.,N.A.,97%,0.00%,North America,19.513469,-80.566956,19.5,-80.6
Bermuda,62237,-0.36%,-228,1246,50,,N.A.,N.A.,97%,0.00%,North America,32.321384,-64.75737,32.3,-64.8
Marshall Islands,59259,0.68%,399,329,180,,N.A.,N.A.,70%,0.00%,Oceania,7.131474,171.184478,7.1,171.2
Northern Mariana Islands,57619,0.60%,343,125,460,,N.A.,N.A.,88%,0.00%,Oceania,17.33083,145.38469,17.3,145.4
Greenland,56787,0.17%,98,0,410450,,N.A.,N.A.,87%,0.00%,North America,71.706936,-42.604303,71.7,-42.6
American Samoa,55169,-0.22%,-121,276,200,,N.A.,N.A.,88%,0.00%,Oceania,-14.270972,-170.132217,-14.3,-170.1
Saint Kitts & Nevis,53264,0.71%,376,205,260,,N.A.,N.A.,33%,0.00%,North America,17.357822,-62.782998,17.4,-62.8
Monaco,39290,0.71%,278,26337,1,,N.A.,N.A.,N.A.,0.00%,Europe,43.750298,7.412841,43.8,7.4
Turks and Caicos,38806,1.38%,526,41,950,,N.A.,N.A.,89%,0.00%,North America,21.694025,-71.797928,21.7,-71.8
Liechtenstein,38147,0.29%,109,238,160,,N.A.,N.A.,15%,0.00%,Europe,47.166,9.555373,47.2,9.6
San Marino,33944,0.21%,71,566,60,,N.A.,N.A.,97%,0.00%,Europe,43.94236,12.457777,43.9,12.5
Gibraltar,33689,-0.03%,-10,3369,10,,N.A.,N.A.,N.A.,0.00%,Europe,36.137741,-5.345374,36.1,-5.3
British Virgin Islands,30266,0.67%,201,202,150,,N.A.,N.A.,52%,0.00%,North America,18.420695,-64.639968,18.4,-64.6
Palau,18109,0.48%,86,39,460,,N.A.,N.A.,N.A.,0.00%,Oceania,7.51498,134.58252,7.5,134.6
Cook Islands,17567,0.09%,16,73,240,,N.A.,N.A.,75%,0.00%,Oceania,-21.236736,-159.777671,-21.2,-159.8
Anguilla,15026,0.90%,134,167,90,,N.A.,N.A.,N.A.,0.00%,North America,18.220554,-63.068615,18.2,-63.1
Tuvalu,11817,1.25%,146,393,30,,N.A.,N.A.,62%,0.00%,Oceania,-7.109535,177.64933,-7.1,177.6
Wallis & Futuna,11203,-1.69%,-193,80,140,,N.A.,N.A.,0%,0.00%,Oceania,-13.768752,-177.156097,-13.8,-177.2
Nauru,10836,0.63%,68,541,20,,N.A.,N.A.,N.A.,0.00%,Oceania,-0.522778,166.931503,-0.5,166.9
Saint Helena,6080,0.30%,18,16,390,,N.A.,N.A.,27%,0.00%,Africa,-24.143474,-10.030696,-24.1,-10
Saint Pierre & Miquelon,5789,-0.48%,-28,25,230,,N.A.,N.A.,100%,0.00%,North America,46.941936,-56.27111,46.9,-56.3
Montserrat,4993,0.06%,3,50,100,,N.A.,N.A.,10%,0.00%,North America,16.742498,-62.187366,16.7,-62.2
Falkland Islands,3497,3.05%,103,0,12170,,N.A.,N.A.,66%,0.00%,South America,-51.796253,-59.523613,-51.8,-59.5
Niue,1628,0.68%,11,6,260,,N.A.,N.A.,46%,0.00%,Oceania,-19.054445,-169.867233,-19.1,-169.9
Tokelau,1360,1.27%,17,136,10,,N.A.,N.A.,0%,0.00%,Oceania,-8.967363,-171.855881,-9,-171.9
